scale,correlation,p_value,mean_hyperbolicity
1,0.09278538975069202,0.003316187824874588,0.134
2,0.15177196786348948,1.4255102536768168e-06,0.619
3,0.1044408678172188,0.0009408939845598003,0.918
