strategy,mean_test_acc,std_test_acc,test_accs
original,0.780999998251597,0.0035590360878320114,"[0.7789999842643738, 0.7860000133514404, 0.777999997138977]"
curvature_rewired,0.7703333298365275,0.0030912220706837005,"[0.765999972820282, 0.7730000019073486, 0.7720000147819519]"
random_rewired,0.7823333342870077,0.0012472030714731697,"[0.7820000052452087, 0.781000018119812, 0.7839999794960022]"
